-- phpMyAdmin SQL Dump
-- version 5.2.1
-- https://www.phpmyadmin.net/
--
-- Host: 127.0.0.1
-- Generation Time: Jul 03, 2025 at 06:48 AM
-- Server version: 10.4.28-MariaDB
-- PHP Version: 8.2.4

SET SQL_MODE = "NO_AUTO_VALUE_ON_ZERO";
START TRANSACTION;
SET time_zone = "+00:00";


/*!40101 SET @OLD_CHARACTER_SET_CLIENT=@@CHARACTER_SET_CLIENT */;
/*!40101 SET @OLD_CHARACTER_SET_RESULTS=@@CHARACTER_SET_RESULTS */;
/*!40101 SET @OLD_COLLATION_CONNECTION=@@COLLATION_CONNECTION */;
/*!40101 SET NAMES utf8mb4 */;

--
-- Database: `tapintime`
--

-- --------------------------------------------------------

--
-- Table structure for table `approved_students_mobile`
--

CREATE TABLE `approved_students_mobile` (
  `id` int(11) NOT NULL,
  `name` varchar(255) DEFAULT NULL,
  `section` varchar(100) DEFAULT NULL,
  `grade_level` varchar(50) DEFAULT NULL,
  `student_type` varchar(50) DEFAULT NULL,
  `student_id` int(11) DEFAULT NULL
) ENGINE=InnoDB DEFAULT CHARSET=utf8mb4 COLLATE=utf8mb4_general_ci;

--
-- Dumping data for table `approved_students_mobile`
--

INSERT INTO `approved_students_mobile` (`id`, `name`, `section`, `grade_level`, `student_type`, `student_id`) VALUES
(0, 'Yadan, Marvita', 'Mangga', 'Grade 7', 'Regular Student', 116),
(117, NULL, 'Mangga', 'Grade 7', 'Regular Student', NULL);

-- --------------------------------------------------------

--
-- Table structure for table `archived_students`
--

CREATE TABLE `archived_students` (
  `id` int(11) NOT NULL,
  `rfid` varchar(50) DEFAULT NULL,
  `lrn` varchar(20) NOT NULL,
  `first_name` varchar(100) DEFAULT NULL,
  `middle_name` varchar(100) DEFAULT NULL,
  `last_name` varchar(100) DEFAULT NULL,
  `email` varchar(100) DEFAULT NULL,
  `section` varchar(50) NOT NULL,
  `student_type` varchar(50) NOT NULL,
  `gender` varchar(10) DEFAULT NULL,
  `date_of_birth` date DEFAULT NULL,
  `contact_number` varchar(20) DEFAULT NULL,
  `address` text DEFAULT NULL,
  `citizenship` varchar(50) DEFAULT NULL,
  `elementary_school` varchar(150) DEFAULT NULL,
  `year_graduated` varchar(10) DEFAULT NULL,
  `guardian_name` varchar(100) DEFAULT NULL,
  `guardian_contact` varchar(20) DEFAULT NULL,
  `guardian_address` text DEFAULT NULL,
  `guardian_relationship` varchar(50) DEFAULT NULL,
  `birth_certificate` varchar(255) DEFAULT NULL,
  `id_photo` varchar(255) DEFAULT NULL,
  `good_moral` varchar(255) DEFAULT NULL,
  `student_signature` varchar(255) DEFAULT NULL,
  `grade_level` varchar(10) DEFAULT NULL,
  `school_year` varchar(20) DEFAULT NULL,
  `date_archived` datetime DEFAULT current_timestamp()
) ENGINE=InnoDB DEFAULT CHARSET=utf8mb4 COLLATE=utf8mb4_general_ci;

-- --------------------------------------------------------

--
-- Table structure for table `attendance`
--

CREATE TABLE `attendance` (
  `id` int(11) NOT NULL,
  `student_id` int(11) NOT NULL,
  `date` date NOT NULL,
  `time` time NOT NULL,
  `remarks` varchar(255) DEFAULT NULL
) ENGINE=InnoDB DEFAULT CHARSET=utf8mb4 COLLATE=utf8mb4_general_ci;

-- --------------------------------------------------------

--
-- Table structure for table `enrolled_students`
--

CREATE TABLE `enrolled_students` (
  `id` int(11) NOT NULL,
  `student_lrn` varchar(12) NOT NULL,
  `student_name` varchar(150) NOT NULL,
  `rfid` varchar(50) DEFAULT NULL,
  `section_id` int(11) NOT NULL,
  `section_name` varchar(50) NOT NULL,
  `subject_id` int(11) NOT NULL,
  `subject_name` varchar(100) NOT NULL,
  `teacher_id` varchar(6) NOT NULL,
  `teacher_name` varchar(100) NOT NULL,
  `grade_level` varchar(20) NOT NULL,
  `enrollment_date` timestamp NOT NULL DEFAULT current_timestamp()
) ENGINE=InnoDB DEFAULT CHARSET=utf8mb4 COLLATE=utf8mb4_general_ci;

-- --------------------------------------------------------

--
-- Table structure for table `enrollments`
--

CREATE TABLE `enrollments` (
  `id` int(11) NOT NULL,
  `student_id` int(11) NOT NULL,
  `subject_id` int(11) NOT NULL,
  `enrolled_at` timestamp NOT NULL DEFAULT current_timestamp()
) ENGINE=InnoDB DEFAULT CHARSET=utf8mb4 COLLATE=utf8mb4_general_ci;

-- --------------------------------------------------------

--
-- Table structure for table `faculty`
--

CREATE TABLE `faculty` (
  `id` int(11) NOT NULL,
  `teacher_id` varchar(6) NOT NULL,
  `name` varchar(100) NOT NULL,
  `email` varchar(100) NOT NULL,
  `contact` varchar(20) DEFAULT NULL,
  `dob` date NOT NULL,
  `password` varchar(255) NOT NULL
) ENGINE=InnoDB DEFAULT CHARSET=utf8mb4 COLLATE=utf8mb4_general_ci;

--
-- Dumping data for table `faculty`
--

INSERT INTO `faculty` (`id`, `teacher_id`, `name`, `email`, `contact`, `dob`, `password`) VALUES
(4, '250511', 'Karen Soriano', 'Haa@gmail.com', '12345678123', '2025-06-25', '$2y$10$basnU64.B8j4uazWaYQumOl4ug9J.J/VkP1SIcogjQ/5GgABo63KC'),
(5, '251320', 'Jologska', 'jaylinfernandez03@gmail.com', '12345678123', '2025-06-13', '$2y$10$5DAJVFz6VrJwyjqjXrMVjOS6lhYcEO/Ku8KcAdTqV7oYWcVwV2DK6');

-- --------------------------------------------------------

--
-- Table structure for table `pending_students`
--

CREATE TABLE `pending_students` (
  `id` int(11) NOT NULL,
  `first_name` varchar(50) NOT NULL,
  `middle_name` varchar(50) DEFAULT NULL,
  `last_name` varchar(50) NOT NULL,
  `lrn` varchar(12) NOT NULL,
  `date_of_birth` date NOT NULL,
  `gender` enum('Male','Female') NOT NULL,
  `citizenship` varchar(50) NOT NULL,
  `address` text NOT NULL,
  `contact_number` varchar(15) NOT NULL,
  `email` varchar(100) NOT NULL,
  `section` varchar(50) NOT NULL,
  `school_year` varchar(9) NOT NULL,
  `grade_level` varchar(20) DEFAULT NULL,
  `student_type` varchar(20) NOT NULL,
  `guardian_name` varchar(100) NOT NULL,
  `guardian_contact` varchar(15) NOT NULL,
  `guardian_address` varchar(250) NOT NULL,
  `guardian_relationship` varchar(50) NOT NULL,
  `elementary_school` varchar(100) NOT NULL,
  `year_graduated` year(4) NOT NULL,
  `birth_certificate` varchar(255) DEFAULT NULL,
  `id_photo` varchar(255) DEFAULT NULL,
  `good_moral` varchar(255) DEFAULT NULL,
  `student_signature` varchar(255) DEFAULT NULL,
  `created_at` timestamp NOT NULL DEFAULT current_timestamp()
) ENGINE=InnoDB DEFAULT CHARSET=utf8mb4 COLLATE=utf8mb4_general_ci;

-- --------------------------------------------------------

--
-- Table structure for table `principal`
--

CREATE TABLE `principal` (
  `id` int(11) NOT NULL,
  `principal_name` varchar(100) NOT NULL,
  `principal_signature` varchar(255) DEFAULT NULL
) ENGINE=InnoDB DEFAULT CHARSET=utf8mb4 COLLATE=utf8mb4_general_ci;

--
-- Dumping data for table `principal`
--

INSERT INTO `principal` (`id`, `principal_name`, `principal_signature`) VALUES
(1, 'Orlyn Demerin', NULL);

-- --------------------------------------------------------

--
-- Table structure for table `rejected_students`
--

CREATE TABLE `rejected_students` (
  `id` int(11) NOT NULL,
  `name` varchar(255) DEFAULT NULL,
  `section` varchar(100) DEFAULT NULL,
  `grade_level` varchar(50) DEFAULT NULL,
  `student_type` varchar(50) DEFAULT NULL
) ENGINE=InnoDB DEFAULT CHARSET=utf8mb4 COLLATE=utf8mb4_general_ci;

-- --------------------------------------------------------

--
-- Table structure for table `school_years`
--

CREATE TABLE `school_years` (
  `id` int(11) NOT NULL,
  `lrn` varchar(12) NOT NULL,
  `year` varchar(20) DEFAULT NULL
) ENGINE=InnoDB DEFAULT CHARSET=utf8mb4 COLLATE=utf8mb4_general_ci;

--
-- Dumping data for table `school_years`
--

INSERT INTO `school_years` (`id`, `lrn`, `year`) VALUES
(0, '', '2025-2026'),
(0, '', '2025-2027');

-- --------------------------------------------------------

--
-- Table structure for table `sections`
--

CREATE TABLE `sections` (
  `id` int(11) NOT NULL,
  `section_name` varchar(100) NOT NULL,
  `student_type` enum('JHS','SHS') NOT NULL,
  `grade_level` varchar(20) DEFAULT NULL,
  `created_at` timestamp NOT NULL DEFAULT current_timestamp(),
  `strand_id` int(11) DEFAULT NULL
) ENGINE=InnoDB DEFAULT CHARSET=utf8mb4 COLLATE=utf8mb4_general_ci;

--
-- Dumping data for table `sections`
--

INSERT INTO `sections` (`id`, `section_name`, `student_type`, `grade_level`, `created_at`, `strand_id`) VALUES
(11, 'Testing 3', 'SHS', 'Grade 11', '2025-06-27 10:25:54', 3),
(12, 'TestingJHS', 'JHS', 'Grade 9', '2025-06-27 10:56:30', NULL);

-- --------------------------------------------------------

--
-- Table structure for table `section_advisers`
--

CREATE TABLE `section_advisers` (
  `id` int(11) NOT NULL,
  `teacher_id` int(11) NOT NULL,
  `section_id` int(11) NOT NULL,
  `created_at` timestamp NOT NULL DEFAULT current_timestamp()
) ENGINE=InnoDB DEFAULT CHARSET=utf8mb4 COLLATE=utf8mb4_general_ci;

--
-- Dumping data for table `section_advisers`
--

INSERT INTO `section_advisers` (`id`, `teacher_id`, `section_id`, `created_at`) VALUES
(9, 4, 11, '2025-06-27 10:26:27'),
(10, 5, 12, '2025-06-27 10:56:47');

-- --------------------------------------------------------

--
-- Table structure for table `strands`
--

CREATE TABLE `strands` (
  `id` int(11) NOT NULL,
  `name` varchar(100) NOT NULL
) ENGINE=InnoDB DEFAULT CHARSET=utf8mb4 COLLATE=utf8mb4_general_ci;

--
-- Dumping data for table `strands`
--

INSERT INTO `strands` (`id`, `name`) VALUES
(3, 'ABM'),
(4, 'HUMMS');

-- --------------------------------------------------------

--
-- Table structure for table `students`
--

CREATE TABLE `students` (
  `id` int(11) NOT NULL,
  `first_name` varchar(50) NOT NULL,
  `middle_name` varchar(50) DEFAULT NULL,
  `last_name` varchar(50) NOT NULL,
  `lrn` varchar(12) NOT NULL,
  `date_of_birth` date NOT NULL,
  `gender` enum('Male','Female') NOT NULL,
  `citizenship` varchar(50) NOT NULL,
  `address` text NOT NULL,
  `contact_number` varchar(15) NOT NULL,
  `email` varchar(100) NOT NULL,
  `guardian_name` varchar(100) NOT NULL,
  `guardian_contact` varchar(15) NOT NULL,
  `guardian_address` varchar(250) NOT NULL,
  `guardian_relationship` varchar(50) NOT NULL,
  `elementary_school` varchar(100) NOT NULL,
  `year_graduated` year(4) NOT NULL,
  `birth_certificate` varchar(255) NOT NULL,
  `id_photo` varchar(255) NOT NULL,
  `good_moral` varchar(255) DEFAULT NULL,
  `student_signature` varchar(255) NOT NULL,
  `section` varchar(50) DEFAULT NULL,
  `school_year` varchar(9) NOT NULL,
  `grade_level` varchar(20) DEFAULT NULL,
  `student_type` enum('Regular Student','STI Student') DEFAULT NULL,
  `verified_at` timestamp NOT NULL DEFAULT current_timestamp(),
  `created_at` timestamp NOT NULL DEFAULT current_timestamp(),
  `rfid` varchar(50) DEFAULT NULL,
  `mobile_verified` tinyint(1) DEFAULT 0
) ENGINE=InnoDB DEFAULT CHARSET=utf8mb4 COLLATE=utf8mb4_general_ci;

--
-- Dumping data for table `students`
--

INSERT INTO `students` (`id`, `first_name`, `middle_name`, `last_name`, `lrn`, `date_of_birth`, `gender`, `citizenship`, `address`, `contact_number`, `email`, `guardian_name`, `guardian_contact`, `guardian_address`, `guardian_relationship`, `elementary_school`, `year_graduated`, `birth_certificate`, `id_photo`, `good_moral`, `student_signature`, `section`, `school_year`, `grade_level`, `student_type`, `verified_at`, `created_at`, `rfid`, `mobile_verified`) VALUES
(125, 'Testing', 'S', 'JHS', '103109590014', '2025-11-11', 'Male', 'Filipino', 'Pilig Alto Cabagan Isabela', '12345678914', 'Hak@gmail.com', 'Jaylin Fernandez', '12345678', 'Pilig Alto Cabagan Isabela', 'Mother', 'Catabayungan', '2016', 'uploads/685e7a1fc1f70_birth_certificate.png', 'uploads/685e7a1fc23cb_id_photo.png', 'uploads/685e7a1fc2810_good_moral.png', 'uploads/685e7a1fc909d_student_signature.png', 'Bita', '2025-2027', 'Grade 11', '', '2025-06-27 11:02:09', '2025-06-27 11:02:09', NULL, 0),
(126, 'Joyce', 'Mallillin', 'Dela Cruz', '435678998244', '2025-06-20', 'Female', 'Filipino', 'Purok2, Narra Street, Casibarag Sur, Cabagan, Isabela', '09659837951', 'sjadaslk2@gmail.com', 'Alexandra Mallillin Dela Cruz', '09659837951', 'Purok2, Narra Street, Casibarag Sur, Cabagan, Isabela', 'Father', 'CSES', '2016', 'uploads/6865dc14e951a_birth_certificate.jpg', 'uploads/6865dc14eeba8_id_photo.png', 'uploads/6865dc14f00c9_good_moral.jpg', 'uploads/6865dc1501bec_student_signature.jpg', 'TestingJHS', '2025-2027', 'Grade 9', '', '2025-07-03 01:27:57', '2025-07-03 01:27:57', '123456789123', 0);

-- --------------------------------------------------------

--
-- Table structure for table `student_enrollments`
--

CREATE TABLE `student_enrollments` (
  `id` int(11) NOT NULL,
  `student_lrn` varchar(12) NOT NULL,
  `subject_id` int(11) NOT NULL,
  `section_id` int(11) NOT NULL,
  `teacher_id` int(11) DEFAULT NULL,
  `enrollment_date` datetime NOT NULL DEFAULT current_timestamp(),
  `student_name` varchar(100) DEFAULT NULL,
  `rfid` varchar(50) DEFAULT NULL,
  `section_name` varchar(50) DEFAULT NULL,
  `grade_level` varchar(10) DEFAULT NULL,
  `subject_name` varchar(100) DEFAULT NULL,
  `teacher_name` varchar(100) DEFAULT NULL
) ENGINE=InnoDB DEFAULT CHARSET=utf8mb4 COLLATE=utf8mb4_general_ci;

--
-- Dumping data for table `student_enrollments`
--

INSERT INTO `student_enrollments` (`id`, `student_lrn`, `subject_id`, `section_id`, `teacher_id`, `enrollment_date`, `student_name`, `rfid`, `section_name`, `grade_level`, `subject_name`, `teacher_name`) VALUES
(0, '103109590012', 63, 11, NULL, '2025-07-03 08:57:19', 'Data Y Testing', '123455677777', 'Testing 3', 'Grade 11', '21st Century Literature from the Philippines and the World', NULL),
(0, '103109590012', 48, 11, NULL, '2025-07-03 08:57:19', 'Data Y Testing', '123455677777', 'Testing 3', 'Grade 11', 'Business Math', NULL),
(0, '103109590012', 55, 11, NULL, '2025-07-03 08:57:19', 'Data Y Testing', '123455677777', 'Testing 3', 'Grade 11', 'Philippine Politics and Governance', NULL),
(0, '103109590012', 49, 11, NULL, '2025-07-03 08:57:19', 'Data Y Testing', '123455677777', 'Testing 3', 'Grade 11', 'Principles of Marketing', NULL),
(0, '435678998244', 67, 12, 5, '2025-07-03 09:30:34', 'Joyce Mallillin Dela Cruz', '123456789123', 'TestingJHS', 'Grade 9', 'English', 'Jologska'),
(0, '435678998244', 64, 12, 5, '2025-07-03 09:30:34', 'Joyce Mallillin Dela Cruz', '123456789123', 'TestingJHS', 'Grade 9', 'Filipino', 'Jologska'),
(0, '435678998244', 65, 12, 5, '2025-07-03 09:30:34', 'Joyce Mallillin Dela Cruz', '123456789123', 'TestingJHS', 'Grade 9', 'P.e', 'Jologska');

-- --------------------------------------------------------

--
-- Table structure for table `subjects`
--

CREATE TABLE `subjects` (
  `id` int(11) NOT NULL,
  `subject_name` varchar(255) NOT NULL,
  `student_type` varchar(150) NOT NULL,
  `created_at` timestamp NOT NULL DEFAULT current_timestamp(),
  `strand_id` int(11) DEFAULT NULL
) ENGINE=InnoDB DEFAULT CHARSET=utf8mb4 COLLATE=utf8mb4_general_ci;

--
-- Dumping data for table `subjects`
--

INSERT INTO `subjects` (`id`, `subject_name`, `student_type`, `created_at`, `strand_id`) VALUES
(48, 'Business Math', 'SHS', '2025-06-26 03:12:07', 3),
(49, 'Principles of Marketing', 'SHS', '2025-06-26 03:12:07', 3),
(53, 'Creative Nonfiction', 'SHS', '2025-06-26 03:12:26', 4),
(54, 'Disciplines and Ideas in Social Sciences', 'SHS', '2025-06-26 03:12:26', 4),
(55, 'Philippine Politics and Governance', 'SHS', '2025-06-26 03:12:26', 4),
(56, 'Introduction to World Religions', 'SHS', '2025-06-26 03:12:26', 4),
(57, 'Trends', 'SHS', '2025-06-26 03:12:26', 4),
(60, 'Reading and Writing', 'SHS', '2025-06-26 03:12:40', NULL),
(62, 'General Mathematics', 'SHS', '2025-06-26 03:12:40', NULL),
(63, '21st Century Literature from the Philippines and the World', 'SHS', '2025-06-26 03:12:40', NULL),
(64, 'Filipino', 'JHS', '2025-06-26 04:24:00', NULL),
(65, 'P.e', 'JHS', '2025-06-26 04:24:00', NULL),
(66, 'Science', 'JHS', '2025-06-26 12:24:12', NULL),
(67, 'English', 'JHS', '2025-06-26 12:24:12', NULL);

-- --------------------------------------------------------

--
-- Table structure for table `subject_grade_strand_assignments`
--

CREATE TABLE `subject_grade_strand_assignments` (
  `id` int(11) NOT NULL,
  `subject_id` int(11) NOT NULL,
  `grade_level` varchar(10) NOT NULL,
  `strand_id` int(11) DEFAULT NULL
) ENGINE=InnoDB DEFAULT CHARSET=utf8mb4 COLLATE=utf8mb4_general_ci;

--
-- Dumping data for table `subject_grade_strand_assignments`
--

INSERT INTO `subject_grade_strand_assignments` (`id`, `subject_id`, `grade_level`, `strand_id`) VALUES
(3, 42, '11', 2),
(4, 43, '11', 2),
(1, 45, '11', 2),
(5, 46, '11', 2),
(2, 47, '11', 2),
(9, 48, '11', 3),
(15, 49, '11', 3),
(10, 50, '11', 3),
(7, 51, '11', 3),
(8, 52, '11', 3),
(18, 53, '11', 4),
(19, 54, '11', 4),
(13, 55, '11', 3),
(21, 55, '11', 4),
(20, 56, '11', 4),
(22, 57, '11', 4),
(11, 58, '11', 3),
(12, 59, '11', 3),
(14, 61, '11', 3),
(6, 63, '11', 3),
(17, 63, '11', 4),
(38, 64, '10', NULL),
(30, 64, '7', NULL),
(16, 64, '8', NULL),
(34, 64, '8', NULL),
(42, 64, '9', NULL),
(39, 65, '10', NULL),
(31, 65, '7', NULL),
(35, 65, '8', NULL),
(43, 65, '9', NULL),
(40, 66, '10', NULL),
(32, 66, '7', NULL),
(36, 66, '8', NULL),
(44, 66, '9', NULL),
(37, 67, '10', NULL),
(29, 67, '7', NULL),
(33, 67, '8', NULL),
(41, 67, '9', NULL);

-- --------------------------------------------------------

--
-- Table structure for table `teacher_subjects`
--

CREATE TABLE `teacher_subjects` (
  `id` int(11) NOT NULL,
  `teacher_id` int(11) NOT NULL,
  `subject_id` int(11) NOT NULL,
  `section_id` int(11) NOT NULL,
  `created_at` timestamp NOT NULL DEFAULT current_timestamp()
) ENGINE=InnoDB DEFAULT CHARSET=utf8mb4 COLLATE=utf8mb4_general_ci;

--
-- Dumping data for table `teacher_subjects`
--

INSERT INTO `teacher_subjects` (`id`, `teacher_id`, `subject_id`, `section_id`, `created_at`) VALUES
(1, 5, 48, 4, '2025-06-26 12:53:57'),
(4, 5, 65, 12, '2025-07-02 00:41:22'),
(5, 5, 67, 12, '2025-07-02 00:45:45'),
(6, 5, 64, 12, '2025-07-02 00:45:58'),
(7, 5, 66, 12, '2025-07-02 00:46:13');

-- --------------------------------------------------------

--
-- Table structure for table `users`
--

CREATE TABLE `users` (
  `id` int(11) NOT NULL,
  `username` varchar(50) NOT NULL,
  `password` varchar(255) NOT NULL,
  `role` enum('superadmin','admin','counselor') DEFAULT 'admin',
  `created_at` timestamp NOT NULL DEFAULT current_timestamp()
) ENGINE=InnoDB DEFAULT CHARSET=utf8mb4 COLLATE=utf8mb4_general_ci;

--
-- Dumping data for table `users`
--

INSERT INTO `users` (`id`, `username`, `password`, `role`, `created_at`) VALUES
(1, 'admin', '$2y$10$EE3TzR1MXADx7I4VOKXJMuuFkTI9e0Sgfhci5HddC.CHj8MdB/8ca', 'superadmin', '2025-02-20 15:02:38'),
(2, 'jaylin', '$2y$10$dT6ASoT6angT5yRkPEdDc.YhtwXT8C82AxTrpkq5JvoZogwenC/LW', 'counselor', '2025-04-17 03:16:31');

--
-- Indexes for dumped tables
--

--
-- Indexes for table `approved_students_mobile`
--
ALTER TABLE `approved_students_mobile`
  ADD PRIMARY KEY (`id`);

--
-- Indexes for table `archived_students`
--
ALTER TABLE `archived_students`
  ADD PRIMARY KEY (`id`);

--
-- Indexes for table `attendance`
--
ALTER TABLE `attendance`
  ADD PRIMARY KEY (`id`),
  ADD KEY `student_id` (`student_id`);

--
-- Indexes for table `enrolled_students`
--
ALTER TABLE `enrolled_students`
  ADD PRIMARY KEY (`id`),
  ADD UNIQUE KEY `unique_enrollment` (`student_lrn`,`subject_id`),
  ADD KEY `subject_id` (`subject_id`),
  ADD KEY `teacher_id` (`teacher_id`);

--
-- Indexes for table `enrollments`
--
ALTER TABLE `enrollments`
  ADD PRIMARY KEY (`id`),
  ADD KEY `student_id` (`student_id`),
  ADD KEY `subject_id` (`subject_id`);

--
-- Indexes for table `faculty`
--
ALTER TABLE `faculty`
  ADD PRIMARY KEY (`id`),
  ADD UNIQUE KEY `teacher_id` (`teacher_id`);

--
-- Indexes for table `pending_students`
--
ALTER TABLE `pending_students`
  ADD PRIMARY KEY (`id`),
  ADD UNIQUE KEY `lrn` (`lrn`),
  ADD UNIQUE KEY `email` (`email`);

--
-- Indexes for table `principal`
--
ALTER TABLE `principal`
  ADD PRIMARY KEY (`id`);

--
-- Indexes for table `rejected_students`
--
ALTER TABLE `rejected_students`
  ADD PRIMARY KEY (`id`);

--
-- Indexes for table `sections`
--
ALTER TABLE `sections`
  ADD PRIMARY KEY (`id`),
  ADD UNIQUE KEY `section_name` (`section_name`);

--
-- Indexes for table `section_advisers`
--
ALTER TABLE `section_advisers`
  ADD PRIMARY KEY (`id`),
  ADD UNIQUE KEY `section_id` (`section_id`);

--
-- Indexes for table `strands`
--
ALTER TABLE `strands`
  ADD PRIMARY KEY (`id`),
  ADD UNIQUE KEY `name` (`name`);

--
-- Indexes for table `students`
--
ALTER TABLE `students`
  ADD PRIMARY KEY (`id`),
  ADD UNIQUE KEY `lrn` (`lrn`),
  ADD UNIQUE KEY `email` (`email`),
  ADD UNIQUE KEY `rfid` (`rfid`);

--
-- Indexes for table `subjects`
--
ALTER TABLE `subjects`
  ADD PRIMARY KEY (`id`),
  ADD KEY `fk_strand` (`strand_id`);

--
-- Indexes for table `subject_grade_strand_assignments`
--
ALTER TABLE `subject_grade_strand_assignments`
  ADD PRIMARY KEY (`id`),
  ADD UNIQUE KEY `subject_id` (`subject_id`,`grade_level`,`strand_id`);

--
-- Indexes for table `teacher_subjects`
--
ALTER TABLE `teacher_subjects`
  ADD PRIMARY KEY (`id`),
  ADD UNIQUE KEY `teacher_id` (`teacher_id`,`subject_id`,`section_id`);

--
-- Indexes for table `users`
--
ALTER TABLE `users`
  ADD PRIMARY KEY (`id`),
  ADD UNIQUE KEY `username` (`username`);

--
-- AUTO_INCREMENT for dumped tables
--

--
-- AUTO_INCREMENT for table `archived_students`
--
ALTER TABLE `archived_students`
  MODIFY `id` int(11) NOT NULL AUTO_INCREMENT, AUTO_INCREMENT=43;

--
-- AUTO_INCREMENT for table `attendance`
--
ALTER TABLE `attendance`
  MODIFY `id` int(11) NOT NULL AUTO_INCREMENT;

--
-- AUTO_INCREMENT for table `enrolled_students`
--
ALTER TABLE `enrolled_students`
  MODIFY `id` int(11) NOT NULL AUTO_INCREMENT, AUTO_INCREMENT=5;

--
-- AUTO_INCREMENT for table `enrollments`
--
ALTER TABLE `enrollments`
  MODIFY `id` int(11) NOT NULL AUTO_INCREMENT;

--
-- AUTO_INCREMENT for table `faculty`
--
ALTER TABLE `faculty`
  MODIFY `id` int(11) NOT NULL AUTO_INCREMENT, AUTO_INCREMENT=6;

--
-- AUTO_INCREMENT for table `pending_students`
--
ALTER TABLE `pending_students`
  MODIFY `id` int(11) NOT NULL AUTO_INCREMENT, AUTO_INCREMENT=97;

--
-- AUTO_INCREMENT for table `sections`
--
ALTER TABLE `sections`
  MODIFY `id` int(11) NOT NULL AUTO_INCREMENT, AUTO_INCREMENT=13;

--
-- AUTO_INCREMENT for table `section_advisers`
--
ALTER TABLE `section_advisers`
  MODIFY `id` int(11) NOT NULL AUTO_INCREMENT, AUTO_INCREMENT=11;

--
-- AUTO_INCREMENT for table `strands`
--
ALTER TABLE `strands`
  MODIFY `id` int(11) NOT NULL AUTO_INCREMENT, AUTO_INCREMENT=5;

--
-- AUTO_INCREMENT for table `students`
--
ALTER TABLE `students`
  MODIFY `id` int(11) NOT NULL AUTO_INCREMENT, AUTO_INCREMENT=127;

--
-- AUTO_INCREMENT for table `subjects`
--
ALTER TABLE `subjects`
  MODIFY `id` int(11) NOT NULL AUTO_INCREMENT, AUTO_INCREMENT=68;

--
-- AUTO_INCREMENT for table `subject_grade_strand_assignments`
--
ALTER TABLE `subject_grade_strand_assignments`
  MODIFY `id` int(11) NOT NULL AUTO_INCREMENT, AUTO_INCREMENT=45;

--
-- AUTO_INCREMENT for table `teacher_subjects`
--
ALTER TABLE `teacher_subjects`
  MODIFY `id` int(11) NOT NULL AUTO_INCREMENT, AUTO_INCREMENT=8;

--
-- AUTO_INCREMENT for table `users`
--
ALTER TABLE `users`
  MODIFY `id` int(11) NOT NULL AUTO_INCREMENT, AUTO_INCREMENT=3;

--
-- Constraints for dumped tables
--

--
-- Constraints for table `attendance`
--
ALTER TABLE `attendance`
  ADD CONSTRAINT `attendance_ibfk_1` FOREIGN KEY (`student_id`) REFERENCES `students` (`id`) ON DELETE CASCADE;

--
-- Constraints for table `enrolled_students`
--
ALTER TABLE `enrolled_students`
  ADD CONSTRAINT `enrolled_students_ibfk_1` FOREIGN KEY (`student_lrn`) REFERENCES `students` (`lrn`),
  ADD CONSTRAINT `enrolled_students_ibfk_2` FOREIGN KEY (`subject_id`) REFERENCES `subjects` (`id`),
  ADD CONSTRAINT `enrolled_students_ibfk_3` FOREIGN KEY (`teacher_id`) REFERENCES `faculty` (`teacher_id`);

--
-- Constraints for table `enrollments`
--
ALTER TABLE `enrollments`
  ADD CONSTRAINT `enrollments_ibfk_1` FOREIGN KEY (`student_id`) REFERENCES `students` (`id`),
  ADD CONSTRAINT `enrollments_ibfk_2` FOREIGN KEY (`subject_id`) REFERENCES `subjects` (`id`);

--
-- Constraints for table `subjects`
--
ALTER TABLE `subjects`
  ADD CONSTRAINT `fk_strand` FOREIGN KEY (`strand_id`) REFERENCES `strands` (`id`);
COMMIT;

/*!40101 SET CHARACTER_SET_CLIENT=@OLD_CHARACTER_SET_CLIENT */;
/*!40101 SET CHARACTER_SET_RESULTS=@OLD_CHARACTER_SET_RESULTS */;
/*!40101 SET COLLATION_CONNECTION=@OLD_COLLATION_CONNECTION */;
